train-loss,epoch,step
3.5932791233062744,0,49
3.2163217067718506,0,99
3.818511724472046,0,149
3.429539203643799,0,199
3.778231382369995,0,249
