train-loss,epoch,step
2.062008857727051,0,49
11.746681213378906,0,99
